TitleCN,TitleEN,SongID
榮耀歸與至高神,GLORY TO GOD IN THE HIGHEST,H1
主手所造萬象生靈,ALL CREATURES OF OUR GOD AND KING,H10
榮耀之釋放,GLORIOUS FREEDOM,H100
耶穌我主榮耀王,NULL,H100057
我四圍盾牌,A Shield About Me,H1001
來歡呼耶穌,All Hail King Jesus,H1002
諸天宣揚,All Heaven Declares,H1003
如鹿渴慕溪水,As The Deer,H1004
神阿，願祢崇高,"Be Exalted, O God",H1005
多美好,Beautiful,H1006
因祂活著,Because He Lives,H1007
我深信在那各各他山頂,Believe in a Hill Called Mount Calvary,H1008
在天上神的寶座前,Before the Throne of God Above,H1009
釋放﹗榮耀釋放﹗,NULL,H101
頌讚全能的神,Blessed Be The Lord God Almighty,H1010
交託主,Cares Chorus,H1011
更新我心意,"Change My Heart, O God",H1012
我活著為基督,Christ In Me,H1013
來，你這蒙主愛的人,Come Ye Beloved,H1014
來親近我,Commune With Me,H1015
求為我造清潔心,Create In Me A Clean Heart,H1016
引導我親近祢,Draw Me Close to You,H1017
飲於生命活水泉源,Drinking at the Fountain of Life,H1018
一切都在於祢,Every Move I Make,H1019
我今來就主十架,I AM COMING TO THE CROSS,H102
我以禱告來到祢跟前,Every time I Pray,H1020
被殺的羔羊,Exaltation (Worthy Is The Lamb),H1021
信實神,Faithful One,H1022
父神我敬拜祢,"Father, I Adore You",H1023
萬有本於祂,For From Him,H1024
獻上感恩,Give Thanks,H1025
榮耀祢的名,Glorify Thy Name,H1026
神真美善,God is so Good,H1027
祢真偉大,Great Are You Lord,H1028
哈利路亞 阿們,Hallelujah Amen,H1029
祂拯救我,HE LIFTED ME,H103
祂已被尊崇,He Is Exalted,H1030
以感恩的心進祂的門,He Has Made Me Glad (I Will Enter His Gates),H1031
我在此敬拜祢,HERE I AM TO WORSHIP,H1032
聖潔受膏者,Holy And Anointed One,H1033
和散那,Hosanna,H1034
因耶和華是至高,I Exalt Thee,H1035
主我愛祢,I Love You Lord,H1036
我要歌頌祢聖名,I Sing Praises to Your Name,H1037
為著獻上讚美,I was made to praise You,H1038
我敬拜祢，全能的神,"I Worship You, Almighty God",H1039
主斷開一切鎖鏈,JESUS BREAKS EVERY FETTER,H104
唯有基督,In Christ Alone,H1040
按祂時候,In His Time,H1041
在這個時刻,In Moments Like These,H1042
我站立敬畏祢,I Stand In Awe,H1043
祢的寶血,It’s Your Blood,H1044
耶穌，超乎萬名之名,"Jesus, Name Above All Names",H1045
認識祢,Knowing You,H1046
真神羔羊,Lamb Of God,H1047
擡頭仰望主,Lift Up Your Heads,H1048
主，祢是何等的寶貴,"Lord, You Are So Precious To Me",H1049
愛救了我,LOVE LIFTED ME,H105
敬拜主,Majesty,H1050
主，請來！,Maranatha,H1051
多愛，多能力,"More Love, More Power",H1052
主，祢比白銀更加寶貝,More Precious Than Silver,H1053
生命在於祢   主,My Life Is In You Lord,H1054
我的平安,My Peace,H1055
無任何呼喚,No Higher Calling,H1056
主開我雙眼,Open Our Eyes Lord,H1057
向主歡呼,Shout to the Lord,H1058
至榮耀之子,Son Of All Glory,H1059
哈利路亞十架得勝,HALLELUJAH FOR THE CROSS,H106
讓神兒子的愛圍繞你,Spirit Song,H1060
生命活泉,Springs of Living Water,H1061
千萬聲感謝我主,TEN THOUSAND THANKS TO JESUS,H1062
在ㄧ生中最大的事,The Greatest Thing,H1063
主堅強的愛,The Steadfast Love of the Lord,H1064
贖價已付,The Price Is Paid,H1065
耶穌是救贖主,There Is a Redeemer,H1066
無人能像祢,There Is None Like You,H1067
思想祂的愛,Think About His Love,H1068
需要耶穌,We Need Jesus,H1069
哦﹐我已得救,"OH, YES! I'M SAVED",H107
當我看到祢的聖潔,When I Look into Your Holiness,H1070
祢是我的一切,You Are My All In All,H1071
祢真是配，偉大耶和華,"Thou Art Worthy, Great Jehovah",H1072
祢愛使我唱,Your Love Makes Me Sing,H1073
祂起來,CHRIST AROSE,H108
榮耀歸與你,THINE IS THE GLORY,H109
仰看穹蒼浩大無窮,THE SPACIOUS FIRMAMENT ON HIGH,H11
忠心聖徒當高聲,"COME, YE FAITHFUL, RAISE THE STRAIN",H110
救主基督已復活,CHRIST THE LORD IS RISEN TODAY,H111
祂是主,HE IS LORD,H112
哈利路亞﹐祂已復活,"HALLELUJAH, HE IS RISEN",H113
因祂活著,BECAUSE HE LIVES,H114
主活,HE LIVES,H115
眾城門哪﹐請你頭抬,"YE GATES, LIFT UP YOUR HEADS",H116
看哪﹗救主奏凱上升,SEE THE CONQUEROR MOUNT IN TRIUMPH,H117
歡呼今日主升天,HAIL THE DAY THAT SEES HIM RISE,H118
看哪﹗聖徒﹐榮耀光景,"LOOK, YE SAINTS! THE SIGHT IS GLORIOUS",H119
這是天父世界,THIS IS MY FATHER'S WORLD,H12
看哪﹗冠冕已給羔羊,BEHOLD THE LAMB WITH GLORY CROWNED,H120
冠祂—萬王之王,CROWN HIM WITH MANY CROWNS,H121
祢比世人更為美麗,THOU ART THE FAIREST,H122
主﹐祢真是配,"LORD, THOU ART WORTHY",H123
從前那戴荊棘的頭,"THY HEAD, ONCE CROWNED WITH THORNS",H124
榮耀歸於我主,GLORY TO GOD ON HIGH,H125
但願尊貴、榮耀、豐富,"GLORY, HONOUR, PRAISE AND POWER",H126
我們當來同聲歡呼,"COME, LET US JOIN OUR CHEERFUL SONGS",H127
同來頌揚無比尊貴,"COME, LET US SING THE MATCHLESS WORTH",H128
羔羊是配,WORTHY THE LAMB,H129
主耶和華是我的力量,NULL,H13
何等權柄-耶穌尊名,ALL HAIL THE POWER OF JESUS' NAME,H130
聽哪﹗千萬聲音雷鳴,HARK! TEN THOUSAND VOICES CRYING,H131
神的基督﹐榮耀的主,"LORD OF GLORY, WE ADORE THEE",H132
金琴在天響起,GOLDEN HARPS ARE SOUNDING,H133
哦﹐主耶穌﹐我心喜樂,"O JESUS, LORD! 'TIS JOY TO KNOW",H134
榮耀、榮耀﹐永遠榮耀,"GLORY, EVERLASTING GLORY",H135
耶穌基督親愛救主,"TO THEE, DEAR LORD, O CHRIST OF GOD",H136
主﹐祢是神受膏者,"LORD, THOU ART GOD’S ANNOINTED",H137
幔子裂開,THE VEIL IS RENT,H138
救主耶穌在寶座上,MAJESTIC SWEETNESS SITS ENTHRONED,H139
不能朽﹐不能見﹐獨一的真神,"IMMORTAL, INVISIBLE, GOD ONLY WISE",H14
神的兒子﹐親愛救主,"O BLESSED SAVIOUR, SON OF GOD",H140
耶穌得勝﹐歡聲雷動,NULL,H141
更美,NULL,H142
頌讚受膏的基督,HAIL TO THE LORD'S ANOINTED,H143
為我受傷,WOUNDED FOR ME,H144
等到何日恩主纔回來﹖,"OH, HOW LONG BEFORE MY LORD COMES BACK",H145
主必再來,JESUS IS COMING AGAIN,H146
主必再來,JESUS IS COMING AGAIN,H147
金色黎明,SOME GOLDEN DAYBREAK,H148
我主﹐我正等候你再臨,NULL,H149
神阿﹐祢是何等奇妙,"MY GOD, HOW WONDERFUL THOU ART",H15
我知道我救贖主活著,I KNOW THAT MY REDEEMER LIVETH,H150
我王必定快要再臨,MY KING WILL SOON COME BACK AGAIN,H151
一點時候,A LITTLE WHILE,H152
會否就在今天﹖,WHAT IF IT WERE TODAY?,H153
我們的大君彌賽亞,NULL,H154
會否祂來正逢我們儆醒?,WILL JESUS FIND US WATCHING?,H155
自伯大尼,SINCE LONG AGO AT BETHANY,H156
看哪﹗救主駕雲降臨,"LO, HE COMES WITH CLOUDS DESCENDING",H157
主耶穌要再來,HE’S COMING BACK AGAIN,H158
我能否忘快來的主﹖,NULL,H159
頌讚與尊貴,BLESSING AND HONOR,H16
這名何等奇妙難言,THERE’S SOMETHING ABOUT THAT NAME,H160
耶穌此名何等芬芳,HOW SWEET THE NAME OF JESUS SOUNDS,H161
主耶穌﹐我愛祢名,"THY NAME WE LOVE, LORD JESUS",H162
時常攜帶耶穌聖名,TAKE THE NAME OF JESUS WITH YOU,H163
頌讚主尊名,BLESSED BE THE NAME,H164
耶穌﹗祢名何等芬芳,"JESUS, HOW MUCH THY NAME UNFOLDS",H165
耶穌﹐這名甜美、芬芳,NULL,H166
大地無名甜至如此,THERE IS NO NAME SO SWEET ON EARTH,H167
耶穌﹗我愛這名,"JESUS, THY NAME I LOVE",H168
耶穌﹗這名﹐何其甘甜,THE NAME OF JESUS IS SO SWEET,H169
我們不會疲倦,"WE ARE NEVER, NEVER WEARY",H17
祂名為奇妙,HIS NAME IS WONDERFUL,H170
廣﹐廣似洋無邊,"WIDE, WIDE AS THE OCEAN",H171
耶穌竟然愛我,JESUS LOVES EVEN ME,H172
祂來尋覓﹐滿了柔情,IN TENDERNESS HE SOUGHT ME,H173
神聖的愛﹐何其美甜﹗,"O LOVE DIVINE, HOW SWEET THOU ART",H174
我們雖然時常搖動,NULL,H175
我的救主,O BLESSED SAVIOUR,H176
主愛﹐口舌真說不來,HIS LOVE IS MORE THAN TONGUE CAN TELL,H177
祢的大愛,IT PASSETH KNOWLEDGE,H178
何能如此-如我也能,AND CAN IT BE THAT I SHOULD GAIN,H179
神聖之愛﹐遠超眾愛,"LOVE DIVINE, ALL LOVES EXCELLING",H18
主耶穌﹐當我們想到祢,"LORD JESUS, WHEN WE THINK OF THEE",H180
祢這不肯放我的愛,O LOVE THAT WILT NOT LET ME GO,H181
深哉﹐深哉﹐耶穌的愛,"OH, THE DEEP, DEEP LOVE OF JESUS",H182
哦﹐祂的愛,O HOW HE LOVES,H183
我有良友,I'VE FOUND A FRIEND,H184
主的愛越久越深(第一詞),SWEETER AS THE YEARS GO BY,H185
救主之愛,MY SAVIOUR'S LOVE,H186
驚人恩典,AMAZING GRACE,H187
耶穌已愛我,JESUS HAS LOVED ME,H188
我們要從那裏說起,WHERE SHALL OUR WONDERING SOULS BEGIN?,H189
世上罪人﹐為何徬徨,"SOULS OF MEN, WHY WILL YE SCATTER",H19
恩愛標本,NULL,H190
我真希奇,I AM AMAZED,H191
我主耶穌﹐惟祢是配,"JESUS, THOU ALONE ART WORTHY",H192
讚美﹐不盡讚美,PRAISE HIM FOREVERMORE,H193
為何我要歌頌耶穌﹖,WHY DO I SING ABOUT JESUS?,H194
來阿﹐祢這萬福泉源,"COME, THOU FOUNT",H195
主替我還清,JESUS PAID IT ALL,H196
咒詛祂受﹐祝福我享,NULL,H197
我歌頌祢,I SING OF THEE,H198
十架下我低頭,'NEATH THE CROSS OF MY SAVIOR,H199
聖哉﹐聖哉﹐聖哉,"HOLY, HOLY, HOLY",H2
真神之愛(第一詞),THE LOVE OF GOD,H20
哦﹐願我有千萬舌頭,OH FOR A THOUSAND TONGUES TO SING,H200
主﹐接納我們的詩歌,"LORD, ACCEPT OUR FEEBLE SONG",H201
我們從前所有,ALL THAT WE WERE,H202
邊唱邊行,HE KEEPS ME SINGING,H203
主恩更多,HIS GRACE ABOUNDETH MORE,H204
自耶穌來住在我心,Since Jesus Came Into My Heart,H205
耶穌同在就是天堂,"WHERE JESUS IS, 'TIS HEAVEN THERE",H206
我的詩歌是耶穌,MY SONG SHALL BE OF JESUS,H207
哈利路亞我真歡樂,"HALLELUJAH, I’VE BEEN HAPPY",H208
在我心中唱美歌,IN MY HEART THERE RINGS A MELODY,H209
父阿﹐久在創世之前,"FATHER, 'TWAS THY LOVE THAT KNEW US",H21
不再定罪,NO CONDEMNATION,H210
活在哈利路亞這一邊,LIVING ON THE HALLELUJAH SIDE,H211
不知如何,SOMEHOW,H212
諸天下降，主榮耀滿我心,HEAVEN CAME DOWN AND GLORY FILLED MY SOUL,H213
快樂日,O HAPPY DAY,H214
我真快樂,"I’M SO HAPPY, AND HERE’S THE REASON",H215
永遠不渴,NEVER THIRST AGAIN,H216
我魂，醒來，快樂歌唱,"AWAKE, MY SOUL, TO JOYFUL LAYS",H217
祂是我靈魂的救主,HE’S THE SAVIOR OF MY SOUL,H218
讚祂！讚祂,"PRAISE HIM, PRAISE HIM!",H219
我要唱耶和華的大慈愛,I WILL SING OF THE MERCIES OF THE LORD,H22
我是個罪人蒙主恩,ONLY A SINNER SAVED BY GRACE,H220
樂哉﹐白白恩典,REJOICE! HIS GRACE IS FREE,H221
當我罪中流蕩,JESUS FOUND ME,H222
哦﹐主耶穌﹐每想到祢,"LORD JESUS CHRIST, OUR HEARTS FEEL SWEET",H223
愛祢更深,MORE LOVE TO THEE,H224
我耶穌﹐我愛祢,"MY JESUS, I LOVE THEE",H225
思念主愛,"THY LOVE, O LORD",H226
耶穌﹐耶穌﹐我的性命,"O JESUS, JESUS, DEAREST LORD",H227
我愛祂因祂已先愛我,"I LOVE HIM, BECAUSE HE FIRST LOVED ME",H228
怎能叫我不愛主﹗,HOW CAN I HELP BUT LOVE HIM?,H229
神阿﹐祢為何故,"WHAT WAS IT, BLESSED GOD",H23
主阿！我深愛祢,"O LORD, HOW I LOVE THEE",H230
我何等愛耶穌,"O, HOW I LOVE JESUS",H231
神與我的愛,GOD’S LOVE AND MINE,H232
耶穌﹐祢的全勝的愛,"JESUS, THINE ALL-VICTORIOUS LOVE",H233
主，祢所有一切工作,"IN ALL THY WORK, O LORD",H234
呼出與吸入,BREATHING OUT AND BREATHING IN,H235
聖靈顯現在我衷,THE SPIRIT DWELLS IN ME,H236
蒙聖靈的安慰,THE COMFORT OF THE HOLY GHOST,H237
保惠師已經來,THE COMFORTER HAS COME,H238
井阿請你湧上水來,"SPRING UP, O WELL",H239
神哪﹐祢在聖所之內,"O GOD, WITHIN THE HOLY PLACE",H24
能力從上傾,POWER FROM ON HIGH,H240
給我穿上能力,CLOTHE US WITH POWER WE PRAY,H241
求溢我杯,"FILL MY CUP, LORD",H242
聖靈的愛從天傾瀉,"DESCEND ON ME, SPIRIT OF LOVE",H243
求主用血洗我清潔,NULL,H244
充滿我,FILL ME NOW,H245
有福的安靜,BLESSED QUIETNESS,H246
聖靈發出祂光芒,"HOLY GHOST, WITH LIGHT DIVINE",H247
我今舉手向祢請,"COME, LORD, IN THY SPIRIT COME",H248
求主寶血潔淨我,"LORD, MAY THY BLOOD NOW CLEANSE ME",H249
沒有血﹐沒有壇,"NO BLOOD, NO ALTAR NOW",H25
將器皿多多騰出,"BRING YOUR VESSELS, NOT A FEW",H250
主﹐我曾否叫聖靈憂愁﹖,"OH, HAVE WE GRIEVED THEE?",H251
我神﹐求祢用聖靈再充滿我,SPIRIT OF THE LIVING GOD,H252
後是膏油先是血,"FIRST THE BLOOD, THEN ANOINTING OIL",H253
我主﹐只有祢的聖靈,"THY HOLY SPIRIT, LORD, ALONE",H254
焚燒在我心內,'TIS BURNING IN MY SOUL,H255
吩咐磐石,SPEAK TO THE ROCK,H256
哦，主耶穌，當祢在地,"OH, JESUS, LORD WHEN THOU ON EARTH",H257
祢被父神右手高舉,EXALTED BY THY FATHER’S HAND,H258
進來，我主,"COME IN, O COME",H259
哦﹐神﹐是祢召我們,"BY THEE, O GOD, INVITED",H26
何等慚愧﹐何等痛悔,"OH, THE BITTER SHAME AND SORROW",H260
我豈可再冷淡退後?,HOW CAN I EVER STAY AWAY?,H261
願更與神親密同行,"OH, FOR A CLOSER WALK WITH GOD",H262
主的妙愛,NULL,H263
我帶我罪就祢,I BRING MY SINS TO THEE,H264
從前我亦曾熱心,NULL,H265
主，是我否？,NULL,H266
我直跑,I PRESS ON,H267
我心所追求乃是神自己,MY GOAL IS GOD HIMSELF,H268
進入幔內，出到營外,ENTER THE VEIL AND GO WITHOUT THE CAMP,H269
我為甚麼憂懼疑惑﹖,"WHY SHOULD I WORRY, DOUBT AND FEAR?",H27
願祢為大,"BE THOU SUPREME, O JESUS CHRIST",H270
神在天上有一寶貝,GOD IN HEAVEN HATH A TREASURE,H271
我們乃是朝聖旅客,THROUGH THE NIGHT OF DOUBT AND SORROW,H272
進深，進深,"DEEPER, DEEPER",H273
更高之處,HIGHER GROUND,H274
往前走,NULL,H275
主﹗使我更愛祢,MORE HOLINESS GIVE ME,H276
我願更多認識基督,MORE ABOUT JESUS WOULD I KNOW,H277
但願耶穌的美麗從我顯現,LET THE BEAUTY OF JESUS BE SEEN IN ME,H278
多又多,MORE AND MORE,H279
我主耶穌是我的義,"JESUS, THY BLOOD AND RIGHTEOUSNESS",H28
主﹐祢榮面是我所羨,THY BLESSED FACE IS MY DESIRE,H280
求主耶穌銘刻我心,JESUS! ENGRAVE IT ON MY HEART,H281
羞認主名,ASHAMED OF JESUS,H282
要思想耶穌,CONSIDER HIM,H283
神的至好,GOD’S BEST,H284
我已得佳美信息,I'VE BELIEVED THE TRUE REPORT,H285
只有一事,THERE IS ONE THING,H286
比雪更白,WHITER THAN SNOW,H287
祢這神的隱藏的愛,THOU HIDDEN LOVE OF GOD,H288
求主把我捆綁,"MAKE ME A CAPTIVE, LORD",H289
穩踏磐石,THE SOLID ROCK,H29
我要更像主,MORE LIKE THE MASTER,H290
哦﹐我要像祢,O TO BE LIKE THEE,H291
救主祢的如火眼睛,NULL,H292
更深進入聖潔生活,DEEPER INTO THE HOLY LIFE,H293
耶穌﹐我來就祢,"JESUS, I COME",H294
我今轉身背向俗世,I’VE TURNED MY BACK UPON THE WORLD,H295
榮上加榮,FROM GLORY TO GLORY,H296
為你﹐我捨生命,I GAVE MY LIFE FOR THEE,H297
將心給我,GIVE ME THY HEART,H298
我願作合乎祂心意的人,ONLY TO BE WHAT HE WANTS ME TO BE,H299
三一頌,DOXOLOGY,H3
我們聽見慈愛之聲,WE HEAR THE WORDS OF LOVE,H30
我已經決定,I HAVE DECIDED TO FOLLOW JESUS,H300
祢的美麗將我心奪,CAPTURED BY THY BEAUTY,H301
你的靈豈非與祂會過﹖,"HAST THOU HEARD HIM, SEEN HIM, KNOWN HIM?",H302
將你最好的獻與主,GIVE OF YOUR BEST TO THE MASTER,H303
奉獻與你,SOMETHING FOR THEE,H304
我今屬於耶穌,I BELONG TO JESUS,H305
活著為耶穌,LIVING FOR JESUS,H306
世上景色我已一閱,HAVING SEEN THE WORLD’S FAIR BEAUTY,H307
獻己與主,CONSECRATION,H308
一切獻於祭壇,ALL ON THE ALTAR,H309
坦然無懼來到神前,A MIND AT PERFECT PEACE,H31
主﹐祢得勝,"LORD, THOU HAST WON",H310
都歸耶穌,ALL FOR JESUS,H311
全所有奉獻,I SURRENDER ALL,H312
收我此生作奉獻,"TAKE MY LIFE, AND LET IT BE",H313
從我活出祢的自己,LIVE OUT THY LIFE WITHIN ME,H314
跟從我,FOLLOW ME,H315
跟隨主耶穌,FOLLOWING JESUS,H316
無論何處我要跟隨,WHERE HE LEADS ME I WILL FOLLOW,H317
我當如何愛我的主﹖,HOW SHALL I FOLLOW HIM I SERVE?,H318
主愛長闊高深,"WHAT LENGTH, BREADTH, HEIGHT, AND DEPTH",H319
我心﹐應當來稱頌主,"PRAISE, MY SOUL, THE KING OF HEAVEN",H32
跟隨跟隨,FOLLOW ON,H320
步步追步步隨,STEP BY STEP,H321
耶穌我今背起十架,"JESUS, I MY CROSS HAVE TAKEN",H322
緊緊跟隨我,FOLLOW ME,H323
我是否要背負十架？,AM I A SOLDIER OF THE CROSS?,H324
在我魂間，今天有陽光,SUNSHINE IN MY SOUL,H325
谷中的百合花,THE LILY OF THE VALLEY,H326
今主耶穌滿足我心,NOW NONE BUT CHRIST CAN SATISFY,H327
當我不見基督容華,HOW TEDIOUS AND TASTELESS THE HOURS,H328
惟主耶穌沐我心靈,ALL THAT THRILLS MY SOUL,H329
榮耀歸與真神,TO GOD BE THE GLORY,H33
我捨一切而要耶穌,"I'LL GIVE MY ALL, JESUS TO GAIN",H330
以愛為旗在我以上,HIS BANNER OVER ME IS LOVE,H331
我寧願有耶穌,I'D RATHER HAVE JESUS,H332
祂是一切最親,HE IS MOST DEAR TO ME,H333
主耶穌﹐只要一想到祢,"JESUS, THE VERY THOUGHT OF THEE",H334
救主耶穌愛者之樂,"JESUS, THOU JOY OF LOVING HEARTS",H335
主，我還有誰在天上？,"WHOM HAVE I, LORD, IN HEAVEN BUT THEE?",H336
永遠住在我心,CONSTANTLY ABIDING,H337
我是屬祂﹐祂屬我,"I AM HIS, AND HE IS MINE",H338
哦，在榮耀裡的基督,MARVEL NOT THAT CHRIST IN GLORY,H339
我要抬頭向眾山嶺舉目,UNTO THE HILLS AROUND,H34
惟有耶穌,ONLY JESUS,H340
哈利路亞！我尋得祂,HALLELUJAH! I HAVE FOUND HIM,H341
我今屬於主耶穌,NOW I BELONG TO JESUS,H342
美哉，主耶穌,FAIREST LORD JESUS,H343
今世福樂沒滅,"FADE, FADE, EACH EARTHLY JOY",H344
我已揀選主耶穌,NULL,H345
思念主,NULL,H346
北風阿，求速興起,NULL,H347
祢名似膏香,THY NAME IS SWEET,H348
主阿，在你面前,"O THOU, IN WHOSE PRESENCE",H349
神﹐我讚美祢,REVIVE US AGAIN,H35
暴風雨中之避難所,A SHELTER IN THE TIME OF STORM,H350
住在主裏面,NULL,H351
住在祢裏面,ABIDE IN THEE,H352
在至高者的隱密處,WITHIN HIS SECRET PLACE I HIDE,H353
祂隱藏我魂,HE HIDETH MY SOUL,H354
靠近父神懷中,NEAR TO THE HEART OF GOD,H355
住在主裡,ABIDING,H356
時常喜樂,LET US REJOICE,H357
在祂同在的隱密處,IN THE SECRET OF HIS PRESENCE,H358
在祂翼下,UNDER HIS WINGS,H359
永遠的光,ETERNAL LIGHT,H36
藏身主裏,HIDING IN THEE,H360
進入幔內,WITHIN THE VEIL,H361
與我同住,ABIDE WITH ME,H362
主使我願意,"LORD, MAKE ME WILLING",H363
信而順從,TRUST AND OBEY,H364
求祢揀選我道路,"THY WAY, NOT MINE, O LORD",H365
隨祢調度,HAVE THINE OWN WAY﹐LORD,H366
順從,OBEDIENCE,H367
我為基督而生,NULL,H368
壓得太緊,PRESSED OUT OF MEASURE,H369
亞伯拉罕的神,THE GOD OF ABRAHAM PRAISE,H37
父阿是的,NULL,H370
豈敢,HOW DARE I,H371
我若稍微偏離正路,IF FROM THE RIGHT COURSE I DEPART,H372
祂的臉面﹐祂的天使常看見,HIS ANGELS HIS COUNTENANCE ALWAYS BEHOLD,H373
神旨美甜,SWEET WILL OF GOD,H374
祢若取去我的心愛,IF THOU SHOULDST TAKE MY LOVE AWAY,H375
主阿照祢旨意,"MY JESUS, AS THOU WILT",H376
願主的旨意成就,THE WILL OF THE LORD BE DONE,H377
順服,SUBMISSION,H378
主阿祢不可讓步,DO NOT YIELD THY WAY TO MINE,H379
阿爸﹐我們來頌讚祢,"ABBA, FATHER! WE ADORE THEE",H38
十字架的道路要犧牲,THE WAY OF THE CROSS,H380
讓我愛而不受感戴,LET ME LOVE AND NOT BE RESPECTED,H381
主十字架是我誇耀,IN THE CROSS OF CHRIST I GLORY,H382
救主十架是我誇耀,THE CROSS OF CHRIST,H383
領我去髑髏地,LEAD ME TO CALVARY,H384
我是黑夜行人,"I, PILGRIM OF THE NIGHT",H385
祢若不壓橄欖成渣,OLIVES THAT HAVE KNOWN NO PRESSURE,H386
他們跟隨羔羊,THESE ARE THEY WHICH FOLLOW THE LAMB,H387
我願揀選神祢美旨,"I CHOOSE THEE, BLESSED WILL OF GOD",H388
哦﹗基督的十字架,"O, CROSS OF CHRIST",H389
阿爸﹐父啊﹐我們現在,"ABBA, FATHER, WE APPROACH THEE",H39
眾人湧進主的國度,MANY CROWD THE SAVIOUR'S KINGDOM,H390
破毀帶我到主懷,WRECKED OUTRIGHT ON JESUS’ BREAST,H391
惟有常出代價,CROSS OF CHRIST! LEAD ONWARD,H392
神祢正在重排我的前途,NULL,H393
由死而生,LIFE OUT OF DEATH,H394
哦﹐我願成為無有,"OH, TO BE NOTHING",H395
非我惟主,NOT I BUT CHRIST,H396
十架曾否使你疲倦,HAVE YOU GROWN WEARY OF THE CROSS?,H397
耶穌豈當獨背十架,MUST JESUS BEAR THE CROSS ALONE?,H398
你怎沒有傷痕,HAST THOU NO SCAR?,H399
當讚美聖父,PRAISE YE THE FATHER,H4
父啊﹐兒女稱頌祢名,"FATHER, THY NAME OUR SOULS WOULD BLESS",H40
葡萄一生的事,THE STORY OF A GRAPEVINE,H400
領我，領我去加畧,"LEAD, LEAD ME TO CALVARY",H401
主，我今背十架,"LORD, HERE I TAKE MY CROSS",H402
聯於基督,NULL,H403
與祢合一,ONE WITH THEE,H404
充滿我心境,FILL ALL MY VISION,H405
我主，祢說祢是真樹,THOU HAST SAID THOU ART THE VINE,H406
祂為我死,HE DIED FOR ME,H407
時時刻刻,MOMENT BY MOMENT,H408
祢是我異象,BE THOU MY VISION,H409
父前拜禮,"FATHER, TO THEE A JOYFUL SONG WE RAISE",H41
不再是我,NO LONGER I,H410
耶穌﹐我今歡然安息,"JESUS, I AM RESTING, RESTING",H411
求主啟示主自己,"LORD, REVEAL THYSELF TO ME",H412
當我憑著自己思想,WHEN I AM IN THE NATURAL MAN,H413
意志薄弱,MY WILL IS WEAK,H414
嘴唇不潔，心思不潔,NULL,H415
當我蒙恩能夠施恩,NULL,H416
一生聰明未遇敵手,NULL,H417
求主倒空我脫自己,COME EMPTY ME OF SELF,H418
一直走十架窄路,ALL THE WAY TO CALVARY,H419
看哪﹗父賜何等的愛,BEHOLD! WHAT MANNER OF LOVE,H42
從死亡得生命,THROUGH DEATH TO LIFE,H420
主，祢啟示一個奧秘,"LORD, THOU HAST SHOWN THE MYSTERY",H421
主，祢知道所有乾渴,"LORD, THOU KNOWEST ALL THE HUNGER",H422
哦，各各他,NULL,H423
祢是平靜祕密之源,THOU HIDDEN SOURCE OF CALM REPOSE,H424
耶穌為我,JESUS FOR ME,H425
祂自己,HIMSELF,H426
惟有耶穌,JESUS ONLY,H427
基督就是我的世界,JESUS IS ALL THE WORLD TO ME,H428
祂不誤事﹐因祂是神,"HE FAILETH NOT, FOR HE IS GOD",H429
萬福之父﹐恩深無際,"BLEST FATHER, INFINITE IN GRACE",H43
再唱信心的歌,KEEP UP THE SONG OF FAITH,H430
惟知道我所信的是誰,I KNOW WHOM I HAVE BELIEVED,H431
在神沒有難成事,NOTHING IS IMPOSSIBLE,H432
站立在神話語的信實上面,STANDING ON THE FAITHFULNESS OF GOD'S OWN WORD,H433
信靠耶穌何其甘甜,'TIS SO SWEET TO TRUST IN JESUS,H434
不斷信靠主,KEEP ON BELIEVING,H435
或這樣，或那樣,IN SOME WAY OR OTHER,H436
主阿，即或盡是黑暗,NULL,H437
"要對這山說：""去！""","SAY TO THIS MOUNTAIN, ""GO!""",H438
主，我相信,"LORD, I BELIEVE",H439
父神啊﹐祢在羔羊裏,O GOD! WE SEE THEE IN THE LAMB,H44
最後一握,THE LAST HANDFUL,H440
只要相信,ONLY BELIEVE,H441
祂看顧麻雀,HIS EYE IS ON THE SPARROW,H442
前途如何我不知,I KNOW NOT WHAT AWAITS ME,H443
我與神聖的愛立約,NULL,H444
神說話，我就相信祂,"GOD SAID IT, AND I BELIEVE IT",H445
神的應許不能廢去,Trust,H446
我無能力，我的主,NULL,H447
神必定顧念你,GOD WILL TAKE CARE OF YOU,H448
緊握我手,HOLD THOU MY HAND,H449
請聽佳音﹕救主降生,HARK! THE GLAD SOUND,H45
以利沙代,EL SHADDAI,H450
無祢，我就無法想,I COULD NOT DO WITHOUT THEE,H451
祢信實何廣大﹗,GREAT IS THY FAITHFULNESS,H452
看哪，神是我的拯救,"BEHOLD, GOD IS MY SALVATION",H453
我知主掌握明天,I KNOW WHO HOLDS TOMORROW,H454
倚靠耶和華真有福,BLESSED IS HE THAT IS TRUSTING THE LORD,H455
永不灰心,NEVER GIVE UP,H456
我是一個異鄉旅客,I'M A PILGRIM AND A STRANGER,H457
唯靠耶穌,TRUSTING JESUS,H458
安穩在祂大能膀臂,HELD IN HIS MIGHTY ARMS,H459
聽阿，天使高聲唱,HARK! THE HERALD ANGELS SING,H46
不，永不孤單,"NO, NEVER ALONE",H460
奇妙又奇妙的耶穌,"WONDERFUL, WONDERFUL JESUS",H461
我惟靠祢,WE REST ON THEE,H462
我靈，鎮靜,"BE STILL, MY SOUL",H463
每一天,DAY BY DAY,H464
安息在那永久膀臂中,RESTING ON THE EVERLASTING ARMS,H465
將一切憂慮卸給神,CAST ALL YOUR CARE UPON HIM,H466
信靠親愛救主,TRUSTING IN THE SAVIOUR,H467
是愛的神作我牧人,THE LORD MY SHEPHERD IS,H468
耶穌是我牧者,JESUS IS OUR SHEPHERD,H469
普世歡騰,JOY TO THE WORLD,H47
詩篇第23章,THE 23RD PSALM,H470
一路我蒙救主引領,ALL THE WAY MY SAVIOUR LEADS ME,H471
指示祢路,"TEACH ME THY WAY, O LORD",H472
求握我手引領我,NULL,H473
領我﹐大哉﹐主耶和華,"GUIDE ME, O THOU GREAT JEHOVAH",H474
引我，柔愛的光,"LEAD, KINDLY LIGHT",H475
慈愛天父，求引領我,"LEAD US, HEAVENLY FATHER",H476
神用奧祕行動前來,GOD MOVES IN A MYSTERIOUS WAY,H477
求主耶穌操我舵,"JESUS, SAVIOR, PILOT ME",H478
祂帶領我,HE LEADETH ME,H479
天使歌唱在高天,ANGELS WE HAVE HEARD ON HIGH,H48
聖靈真實引導者,"HOLY SPIRIT, FAITHFUL GUIDE",H480
救主領我免迷途,"SAVIOUR, LEAD ME, LEST I STRAY",H481
天上的榮光,HEAVENLY SUNSHINE,H482
緊握我手引領我,TAKE THOU MY HAND,H483
溫柔引領我回家,"LEAD ME GENTLY HOME, FATHER",H484
我用眼睛引導你,I WILL GUIDE THEE WITH MINE EYE,H485
我的恩典夠你使用,MY GRACE IS SUFFICIENT FOR THEE,H486
耶穌醫治破碎心懷,JESUS HEALS THE BROKEN-HEARTED,H487
新鮮如同清晨甘露,FRESH AS THE DEW OF THE MORNING,H488
我常居住天愛中,IN HEAVENLY LOVE ABIDING,H489
以馬內利﹐懇求降臨,"O COME, O COME, EMMANUEL",H49
安穩在耶穌手臂,SAFE IN THE ARMS OF JESUS,H490
絕沒有,"NO, NOT ONE",H491
是否疲倦?,"ART THOU WEARY, HEAVY LADEN?",H492
像長江大河,LIKE A RIVER GLORIOUS,H493
哦﹐我魂﹐可無恐,IT IS WELL WITH MY SOUL,H494
我錨已拋牢,MY ANCHOR HOLDS,H495
耶穌，靈魂的愛人,"JESUS, LOVER OF MY SOUL",H496
望斷以及於耶穌,LOOKING OFF UNTO JESUS,H497
有日都要領會,SOME TIME WE’LL UNDERSTAND,H498
我今所知主恩有限,NULL,H499
全能君王降臨,"COME, THOU ALMIGHTY KING",H5
哦來蒙恩群眾,"O COME, ALL YE FAITHFUL",H50
當我來到我盡頭,WHEN I COME TO THE END OF MYSELF,H500
重擔當託耶和華,CAST THY BURDEN ON THE LORD,H501
十架不會重逾祂恩典,THE CROSS IS NOT GREATER THAN HIS GRACE,H502
重擔可解脫在加略山,BURDENS ARE LIFTED AT CALVARY,H503
神仍坐著為王,GOD IS STILL ON THE THRONE,H504
神未曾應許：天色常藍,GOD HATH NOT PROMISED SKIES ALWAYS BLUE,H505
來罷，憂傷的人,"COME, YE DISCONSOLATE",H506
神的路是正路,GOD'S WAY IS THE BEST WAY,H507
父，我知道我的一生,"FATHER, I KNOW THAT ALL MY LIFE",H508
當轉眼仰望耶穌,TURN YOUR EYES UPON JESUS,H509
離棄寶座﹐撇下王冕,THOU DIDST LEAVE THY THRONE,H51
當我在於最暗時間,NULL,H510
主顧念嗎?,DOES JESUS CARE?,H511
主，祢正懷念我,"THOU THINKEST, LORD, OF ME",H512
主已知道你的挫折,NULL,H513
親愛主，握我手,"PRECIOUS LORD, TAKE MY HAND",H514
現今時候已不多,NULL,H515
榮耀的盼望,O HOPE OF GLORY,H516
當我恩主降臨時候,WHEN MY BLEST LORD WILL COME AGAIN,H517
救我恩典,SAVED BY GRACE,H518
在那邊點名的時候,WHEN THE ROLL IS CALLED UP YONDER,H519
耶穌﹐我救主﹐降生馬槽中,"JESUS, MY SAVIOUR, TO BETHLEHEM CAME",H52
你要不死,WE MAY NOT DIE,H520
基督再臨,CHRIST RETURNETH,H521
羔羊婚筵,THE MARRIAGE SUPPER OF THE LAMB,H522
我將站在王面前,WE SHALL STAND BEFORE THE KING,H523
主耶穌，我正等待,NULL,H524
主，當我們被提上升,NULL,H525
當那偉大日子,NULL,H526
這世界非我家,THIS WORLD IS NOT MY HOME,H527
我想我家鄉在那邊,OH THINK OF THE HOME OVER THERE,H528
天是我家,HEAVEN IS MY HOME,H529
我有一位奇妙救主,I HAVE A FRIEND WHOSE FAITHFUL LOVE,H53
我們將要聚集河邊,SHALL WE GATHER AT THE RIVER?,H530
更近天上美家,CLOSER TO MY HOME,H531
玉漏沙殘,THE SANDS OF TIME,H532
更美地,NULL,H533
天是我家,NULL,H534
因有羔羊血洗淨,WASHED IN THE BLOOD OF THE LAMB,H535
在於新耶路撒冷,IN THE NEW JERUSALEM,H536
向前直往錫安,WE’RE MARCHING TO ZION,H537
當我們都回天家,WHEN WE ALL GET TO HEAVEN,H538
第一羨慕是救主,MY SAVIOR FIRST OF ALL,H539
華美天庭,IVORY PALACES,H54
前去！我們口號,FORWARD! BE OUR WATCHWORD,H540
哦，這就是我的榮耀,O THAT WILL BE GLORY,H541
再不久,SWEET BY-AND-BY,H542
哦，主，撒冷是祢所建設,NULL,H543
客旅,THE PILGRIM,H544
禱告乃是靈中所燒聖香,PRAYER IS THE INCENSE OF A HOLY HEART,H545
教我禱告，主,TEACH ME TO PRAY,H546
是有福禱告良辰,'TIS THE BLESSED HOUR OF PRAYER,H547
每一禱告都有答應,EVERY PRAYER WILL FIND ITS ANSWER,H548
憑信心求，奉主的名,ASK IN FAITH,H549
哦﹐主﹐我們今想到祢,"O LORD, WHEN WE THE PATH RETRACE",H55
何等朋友﹐我主耶穌,WHAT A FRIEND WE HAVE IN JESUS,H550
求主教我如何禱告,TEACH US TO PRAY,H551
禱告之時,SWEET HOUR OF PRAYER,H552
當告訴耶穌,TELL IT TO JESUS,H553
要告訴耶穌,I MUST TELL JESUS,H554
尚未蒙允?,UNANSWERED YET?,H555
只要與主說一聲,A LITTLE TALK WITH JESUS,H556
親愛主﹐我不能禱告,DISTRACTION IN PRAYER,H557
靠近主,CLOSE TO THEE,H558
你們若專心尋求我,IF WITH ALL YOUR HEARTS YE TRULY SEEK ME,H559
在加利利沿海之地,NULL,H56
耶穌是我的﹐我有把握,BLESSED ASSURANCE,H560
祂是我愛在破曉清晨,HE'S THE ONE I LOVE IN THE MORNING,H561
我有一位好朋友,I HAVE A FRIEND SO PRECIOUS,H562
渴慕耶穌,LONGING FOR JESUS,H563
祂摸我,HE TOUCHED ME,H564
奇妙又奇妙的耶穌,"WONDERFUL, WONDERFUL JESUS",H565
主﹐我是屬祢,"I AM THINE, O LORD",H566
哦﹐主﹐求祢長在我心,"O JESUS CHRIST, GROW THOU IN ME",H567
主阿﹐祢面我正尋求,"O LORD, THY FACE I AM SEEKING",H568
我神﹐我心充滿安寧,"MY HEART IS RESTING, O MY GOD",H569
耶穌我主榮耀王,JESUS MY KING OF GLORY,H57
沒有間隔﹐主,"NOTHING BETWEEN, LORD",H570
我時刻需要祢,I NEED THEE EVERY HOUR,H571
我如困鹿切慕溪水,AS PANTS THE HART,H572
僕人的眼睛,AS THE EYES OF THE SERVANTS,H573
在花園中,IN THE GARDEN,H574
主﹐我願更親近祢,JUST A CLOSER WALK WITH THEE,H575
我靈羨慕要祢,MY SPIRIT LONGS FOR THEE,H576
更加甘甜,STILL SWEETER EVERY DAY,H577
與主同行真榮耀無比,IT IS GLORY JUST TO WALK WITH HIM,H578
祢是愛的溫柔氣息,I CANNOT BREATHE ENOUGH OF THEE,H579
有一日,ONE DAY,H58
在隱密處與神同關鎖,SHUT IN WITH GOD,H580
主耶穌﹐我羨慕活在祢面前,"LORD JESUS, I LONG IN THY PRESENCE TO LIVE",H581
親愛主﹗寶貝主,NULL,H582
釋放我的靈,SET MY SPIRIT FREE,H583
與祢更親﹐我神,"NEARER, MY GOD, TO THEE",H584
我的道路,THE PATH I TRAVEL,H585
親近﹐更親近,"NEARER, STILL NEARER",H586
晨光掠天而過,WHEN MORNING GILDS THE SKIES,H587
每日早晨愛都新鮮,NEW EVERY MORNING IS THE LOVE,H588
醒來﹐我魂﹐當隨朝陽,"AWAKE, MY SOUL, AND WITH THE SUN",H589
哦﹐滿了傷痕的頭,O HEAD ONCE FULL OF BRUISES,H59
夕陽西沉,DAY IS DYING IN THE WEST,H590
救主耶穌﹐我的太陽,SUN OF MY SOUL,H591
傳給人,PASS IT ON,H592
我愛傳講主福音,I LOVE TO TELL THE STORY,H593
我們有一故事傳給萬邦,WE'VE A STORY TO TELL TO THE NATIONS,H594
為你﹐我今祈求,FOR YOU I AM PRAYING,H595
傳揚好信息,PUBLISH GLAD TIDINGS,H596
禾捆帶回來,BRINGING IN THE SHEAVES,H597
傳道的呼喊,A MISSIONARY CRY,H598
去發光,SEND THE LIGHT,H599
主啊﹐祢的名何其美,HOW EXCELLENT IS THY NAME,H6
主﹐你聖首滿傷跡,"O SACRED HEAD, NOW WOUNDED",H60
到遠方﹐到萬國,THE REGIONS BEYOND,H600
我豈可去﹐雙手空空﹖,"MUST I GO, AND EMPTY-HANDED?",H601
親愛罪人﹐請你來,COME YE SINNERS,H602
我願你認識耶穌,I WISH YOU KNEW MY JESUS,H603
你的罪雖像硃紅,THOUGH YOUR SINS BE AS SCARLET,H604
救主捨命心破碎,HE DIED OF A BROKEN HEART,H605
因為神愛世人,FOR GOD SO LOVED THE WORLD,H606
愛就是…,LOVE WAS WHEN…,H607
仰望真神羔羊,LOOK TO THE LAMB OF GOD,H608
至大醫生,THE GREAT PHYSICIAN,H609
我們的靈伏著注視,GAZING ON THE LORD IN GLORY,H61
罪惡途中多年流蕩,NULL,H610
無人像耶穌這樣愛顧我,NO ONE EVER CARED FOR ME LIKE JESUS,H611
全脫落,ROLLED AWAY,H612
祂除我罪,HE TOOK MY SINS AWAY,H613
祂救了我,HE RANSOMED ME,H614
一事我知道,THIS ONE THING I KNOW,H615
祂是我的一切,HE'S EVERYTHING TO ME,H616
你心有空處為主嗎﹖,HAVE YOU ANY ROOM FOR JESUS,H617
永遠永遠﹐永永遠遠,ETERNITY! ETERNITY,H618
讓祂進,LET HIM IN,H619
耶穌獨自祈禱,IT WAS ALONE THE SAVIOR PRAYED,H62
要及時,BE IN TIME,H620
讓耶穌來進入你心,LET JESUS COME INTO YOUR HEART,H621
幾乎要聽勸,ALMOST PERSUADED,H622
來信耶穌,COME TO JESUS,H623
何等柔細慈愛,SOFTLY AND TENDERLY,H624
今日召你,CALLING TODAY,H625
耶穌今留步,JESUS LINGERS STILL,H626
只要信祂,ONLY TRUST HIM,H627
照我本相,JUST I AM,H628
祢的歡迎聲音,I HEAR THY WELCOME VOICE,H629
此時何時﹗孤單之時﹗,O SOLEMN HOUR,H63
主﹐我要回家,"LORD, I'M COMING HOME",H630
救主耶穌﹐我來,"O BLESSED LORD, I COME",H631
進入我心,INTO MY HEART,H632
莫把我漏掉,PASS ME NOT,H633
使我成祝福,MAKE ME A BLESSING,H634
愛主﹐要我何去﹐我就去,I'LL GO WHERE YOU WANT ME TO GO,H635
要忠心,BE TRUE,H636
我不過是你運河,CHANNELS ONLY,H637
去作工,TO THE WORK,H638
事奉耶穌真有快樂,THERE IS JOY IN SERVING JESUS,H639
加略山巔,ON CALVARY'S BROW,H64
向我說話,"LORD, SPEAK TO ME",H640
主耶穌，我曾應許,"O JESUS, I HAVE PROMISED",H641
不再是我﹐乃是基督,NOT I BUT CHRIST,H642
神聖呼召,NULL,H643
趕緊工作﹐夜快臨,"WORK, FOR THE NIGHT IS COMING",H644
要將最好獻上,OUR BEST,H645
正當時日悄然而過,WHILE THE DAYS ARE GOING BY,H646
復興祢工作﹐主,"REVIVE THY WORK, O LORD",H647
恩雨﹐降恩雨,SHOWERS OF BLESSING,H648
降聖火,SEND THE FIRE,H649
救主為我十架受害,IT WAS FOR ME THE SAVIOR DIED,H65
五旬大權能,PENTECOSTAL POWER,H650
賜下大復興,SEND A GREAT REVIVAL,H651
懇求我主，鑒察我的心思,"SEARCH ME, O GOD",H652
枯乾的骸骨阿,O YE DRY BONES,H653
我神乃是大能堡壘,A MIGHTY FORTRESS IS OUR GOD,H654
古聖信仰,FAITH OF OUR FATHERS,H655
當你苦受撒但試探,NULL,H656
今日戰爭兇猛,CONFLICT TODAY IS FIERCE,H657
起來﹐起來為耶穌,"STAND UP, STAND UP FOR JESUS",H658
神的兒子出戰前方,THE SON OF GOD GOES FORTH TO WAR,H659
主﹐當我們漂流曠野,"LORD, THY LOVE HAS SOUGHT AND FOUND US",H66
我不敢稍微失敗,I DARE NOT BE DEFEATED,H660
耶穌的十字架,NULL,H661
得勝靠耶穌,VICTORY IN JESUS,H662
站住你當為主站住,STAND UP FOR JESUS,H663
福音執事當宣告,NULL,H664
從軍的教會,NULL,H665
誰是在主這邊﹖,WHO IS ON THE LORD'S SIDE?,H666
親愛基督精兵,"SOLDIER, SOLDIER, FIGHTING",H667
哈利路亞﹗耶穌得勝,HALLELUJAH! CHRIST IS VICTOR,H668
爭戰原來不是你的,NULL,H669
遠山迢迢﹐其色青青,THERE IS A GREEN HILL FAR AWAY,H67
靠主耶穌聖名,IN THE NAME OF JESUS,H670
超乎萬名之上的名,THE NAME WHICH IS ABOVE EVERY NAME,H671
要全心﹐要真心,"TRUE-HEARTED, WHOLE-HEARTED",H672
衝過！戰士哪﹐衝過！,"CHARGE, SOLDIERS, CHARGE IN BATTLE",H673
當奉耶穌這名站住,THE NAME OF JESUS IS OUR STAND,H674
神的子民被寇,NULL,H675
榮耀教會,A GLORIOUS CHURCH,H676
美麗錫安﹐我神聖城,GLORIOUS THINGS OF THEE ARE SPOKEN,H677
主﹐我愛祢國度,"I LOVE THY KINGDOM, LORD",H678
求主住在教會中,"JESUS, WITH THY CHURCH ABIDE",H679
哦﹐主﹐求祢指教我,O TEACH ME WHAT IT MEANETH,H68
我們聚集在祢墓的四圍,"AROUND THY GRAVE, LORD JESUS",H680
與主同葬,BURIED WITH CHRIST,H681
阿爸我們進前來,NULL,H682
為著這餅和這杯,FOR THE BREAD AND FOR THE WINE,H683
主舉愛旗遮蓋我們,JESUS SPREADS HIS BANNER OVER US,H684
主﹐在此﹐我要與祢面對面,"HERE, O MY LORD, I SEE THEE FACE TO FACE",H685
主耶穌﹐當那晚間,"ON THAT SAME NIGHT, LORD JESUS",H686
我們照祢恩惠話語,ACCORDING TO THY GRACIOUS WORD,H687
願主為我擘開生命的餅,BREAK THOU THE BREAD OF LIFE,H688
我主﹐請說﹐僕人敬聽,"MASTER, SPEAK! THY SERVANT HEARETH",H689
我每靜念那十字架,WHEN I SURVEY THE WONDROUS CROSS,H69
主﹐祢有否一句為我﹖,"LORD, HAST THOU NOT ONE WORD FOR ME?",H690
主阿﹐我們聚集祢前,"LORD, IN THY PRESENCE WE ARE MET",H691
救主我們因祢話,"BLESSED JESUS, AT THY WORD",H692
我們呼吸天上空氣,NULL,H693
福哉﹐愛的捆綁,BLEST BE THE TIE THAT BINDS,H694
弟兄和睦同居,NULL,H695
聖徒眾心﹐愛裡相繫,"CHRISTIAN HEARTS, IN LOVE UNITED",H696
哦完全的愛,O PERFECT LOVE,H697
愛的神阿在祢座前,O GOD OF LOVE TO THEE WE BOW,H698
我們愛,WE LOVE,H699
NULL,NULL,H7
哈利路亞﹗何等救主﹗,HALLELUJAH! WHAT A SAVIOUR,H70
慈仁牧人,NULL,H700
看哪﹗慈愛牧者站立,SEE ISRAEL'S GENTLE SHEPHERD STAND,H701
願神同在直至再見面,GOD BE WITH YOU TILL WE MEET AGAIN,H702
再見,GOOD-BYE,H703
你要痊愈麼,WILT THOU BE MADE WHOLE?,H704
只一摸,JUST ONE TOUCH,H705
神的福音﹐何等有福,BLESSED BE THE GLORIOUS TIDINGS,H706
身體得生命,LIFE FOR THE BODY,H707
祂醫治我﹐讚美祂名,"HE HEALETH ME, O BLESS HIS NAME",H708
主裏安睡,ASLEEP IN JESUS,H709
哎呀﹗救主真曾流血?,ALAS! AND DID MY SAVIOUR BLEED?,H71
睡罷﹗親愛,NULL,H710
今將此身安葬入墓,THIS BODY IN THE GRAVE,H711
又是一年正起首,ANOTHER YEAR IS DAWNING,H712
感謝神,THANKS TO GOD,H713
讓我們重起首,"COME, LET US ANEW",H714
數主恩惠,COUNT YOUR BLESSINGS,H715
詩篇一百五十篇,THE 150TH PSALM,H716
看哪﹐神的羔羊,BEHOLD THE LAMB OF GOD,H72
哦﹐主﹐甚麼使你頭垂﹖,"O CHRIST, WHAT BURDENS BOWED THY HEAD",H73
憐憫﹐慈愛,MERCIFUL AND LOVING,H74
何等奇妙的救主,WHAT A WONDERFUL SAVIOUR,H75
"主,我寶貴祢的行徑","LORD, WE TREASURE WITH AFFECTION",H76
永久磐石,ROCK OF AGES,H77
近十架,NEAR THE CROSS,H78
古老的十字架,THE OLD RUGGED CROSS,H79
讚美我主﹐全能主神,"PRAISE TO THE LORD, THE ALMIGHTY",H8
祂去加略,ALL THE WAY TO CALVARY HE WENT FOR ME,H80
我最知心的朋友,My Best Friend,H800
那雙看不見的手,Those Invisible Hands,H801
主是為我釘十字架,FOR ME THE LORD WAS CRUCIFIED,H81
在主十架之下,BENEATH THE CROSS OF JESUS,H82
救主藉著永遠的靈,IT WAS THROUGH GOD'S ETERNAL SPIRIT,H83
祂不能救自己,HIMSELF HE COULD NOT SAVE,H84
頌讚聲音何等難得,HOW PLEASANT IS THE SOUND OF PRAISE,H85
無他，只有耶穌寶血,NOTHING BUT THE BLOOD OF JESUS,H86
祢愛所給雖然甚多,OF ALL THE GIFTS THY LOVE BESTOWS,H87
曾否在羔羊血洗清潔?,ARE YOU WASHED IN THE BLOOD?,H88
我一見這血,WHEN I SEE THE BLOOD,H89
快樂﹐快樂﹐我們敬拜,"JOYFUL, JOYFUL, WE ADORE THEE",H9
有一血泉,THERE IS A FOUNTAIN FILLED WITH BLOOD,H90
權能是在血,THERE IS POWER IN THE BLOOD,H91
加利利陌生人,THE STRANGER OF GALILEE,H92
我以信心仰望祢,MY FAITH LOOKS UP TO THEE,H93
九十九隻羊,THE NINETY AND NINE,H94
昨日、今日、直到永遠,"YESTERDAY, TODAY, FOREVER",H95
恩典—美妙聲音,GRACE! 'TIS A CHARMING SOUND,H96
居榮美之地,DWELLING IN BEULAH LAND,H97
美哉、善哉﹐羔羊的新歌,WONDERFUL GRAND NEW SONG OF THE LAMB,H98
耶穌奇妙的救恩,WONDERFUL GRACE OF JESUS,H99
